Player,Pos,Age,Tm,G,GS,MP,FG,FGA,FG%,3P,3PA,3P%,2P,2PA,2P%,eFG%,FT,FTA,FT%,ORB,DRB,TRB,AST,STL,BLK,TOV,PF,PTS
Steven Adams,C,25,OKC,80,80,33.4,6.0,10.1,.595,0.0,0.0,.000,6.0,10.1,.596,.595,1.8,3.7,.500,4.9,4.6,9.5,1.6,1.5,1.0,1.7,2.6,13.9
Bam Adebayo,C,21,MIA,82,28,23.3,3.4,5.9,.576,0.0,0.2,.200,3.4,5.7,.588,.579,2.0,2.8,.735,2.0,5.3,7.3,2.2,0.9,0.8,1.5,2.5,8.9
LaMarcus Aldridge,C,33,SAS,81,81,33.2,8.4,16.3,.519,0.1,0.5,.238,8.3,15.8,.528,.522,4.3,5.1,.847,3.1,6.1,9.2,2.4,0.5,1.3,1.8,2.2,21.3
Jarrett Allen,C,20,BRK,80,80,26.2,4.2,7.1,.590,0.1,0.6,.133,4.1,6.5,.629,.595,2.5,3.5,.709,2.4,6.0,8.4,1.4,0.5,1.5,1.3,2.3,10.9
Ike Anigbogu,C,20,IND,3,0,2.0,0.0,1.0,.000,0.0,0.0,0,0.0,1.0,.000,.000,0.0,0.0,0,0.3,0.7,1.0,0.3,0.0,0.3,0.3,0.0,0.0
Deandre Ayton,C,20,PHO,71,70,30.7,7.2,12.3,.585,0.0,0.1,.000,7.2,12.2,.588,.585,2.0,2.7,.746,3.1,7.1,10.3,1.8,0.9,0.9,1.8,2.9,16.3
Mo Bamba,C,20,ORL,47,1,16.3,2.5,5.2,.481,0.4,1.5,.300,2.0,3.7,.555,.525,0.8,1.3,.587,1.4,3.6,5.0,0.8,0.3,1.4,0.9,2.2,6.2
Aron Baynes,C,32,BOS,51,18,16.1,2.1,4.4,.471,0.4,1.2,.344,1.6,3.2,.519,.518,1.0,1.2,.855,1.7,3.0,4.7,1.1,0.2,0.7,0.8,2.5,5.6
Jordan Bell,C,24,GSW,68,3,11.6,1.5,2.8,.516,0.0,0.0,.000,1.5,2.8,.521,.516,0.4,0.6,.610,0.8,1.9,2.7,1.1,0.3,0.8,0.6,1.2,3.3
Khem Birch,C,26,ORL,50,1,12.9,1.8,3.0,.603,0.0,0.0,.000,1.8,3.0,.607,.603,1.2,1.7,.699,1.6,2.2,3.8,0.8,0.4,0.6,0.4,1.4,4.8
Bismack Biyombo,C,26,CHO,54,32,14.5,1.6,2.9,.571,0.0,0.0,0,1.6,2.9,.571,.571,1.1,1.7,.637,1.5,3.1,4.6,0.6,0.2,0.8,0.6,1.9,4.4
Andrew Bogut,C,34,GSW,11,5,12.2,1.6,3.3,.500,0.0,0.0,0,1.6,3.3,.500,.500,0.3,0.3,1.000,1.1,3.9,5.0,1.0,0.3,0.7,0.7,2.0,3.5
Tony Bradley,C,21,UTA,3,0,12.0,2.7,5.3,.500,0.0,0.0,0,2.7,5.3,.500,.500,0.3,0.7,.500,3.0,2.0,5.0,0.3,0.7,0.7,1.0,2.0,5.7
Thomas Bryant,C,21,WAS,72,53,20.8,4.3,7.0,.616,0.5,1.4,.333,3.8,5.6,.685,.648,1.5,1.9,.781,1.6,4.7,6.3,1.3,0.3,0.9,0.8,1.8,10.5
Clint Capela,C,24,HOU,67,67,33.6,7.1,10.9,.648,0.0,0.0,0,7.1,10.9,.648,.648,2.5,3.9,.636,4.4,8.2,12.7,1.4,0.7,1.5,1.4,2.5,16.6
Wendell Carter Jr.,C,19,CHI,44,44,25.2,4.1,8.4,.485,0.1,0.7,.188,4.0,7.7,.513,.493,2.0,2.5,.795,2.0,5.0,7.0,1.8,0.6,1.3,1.5,3.5,10.3
Willie Cauley-Stein,C,25,SAC,81,81,27.3,5.1,9.1,.556,0.0,0.0,.500,5.1,9.1,.556,.557,1.7,3.1,.551,2.2,6.1,8.4,2.4,1.2,0.6,1.0,2.8,11.9
Tyson Chandler,C,36,TOT,55,6,15.9,1.1,1.8,.616,0.0,0.0,.000,1.1,1.8,.622,.616,0.9,1.6,.586,1.7,3.9,5.6,0.7,0.4,0.4,0.8,2.0,3.1
Tyson Chandler,C,36,PHO,7,0,12.7,1.1,1.7,.667,0.0,0.0,0,1.1,1.7,.667,.667,1.4,2.6,.556,1.0,4.6,5.6,0.9,0.3,0.1,1.0,3.0,3.7
Tyson Chandler,C,36,LAL,48,6,16.4,1.1,1.8,.609,0.0,0.0,.000,1.1,1.8,.616,.609,0.9,1.4,.594,1.8,3.8,5.6,0.6,0.4,0.5,0.7,1.9,3.1
Zach Collins,C,21,POR,77,0,17.6,2.5,5.2,.473,0.5,1.6,.331,1.9,3.6,.534,.523,1.2,1.6,.746,1.4,2.8,4.2,0.9,0.3,0.9,1.0,2.3,6.6
DeMarcus Cousins,C,28,GSW,30,30,25.7,5.9,12.4,.480,0.9,3.2,.274,5.1,9.2,.551,.515,3.5,4.8,.736,1.4,6.8,8.2,3.6,1.3,1.5,2.4,3.6,16.3
Anthony Davis,C,25,NOP,56,56,33.0,9.5,18.3,.517,0.9,2.6,.331,8.6,15.7,.547,.540,6.1,7.7,.794,3.1,8.9,12.0,3.9,1.6,2.4,2.0,2.4,25.9
Deyonta Davis,C,22,ATL,9,0,13.1,1.7,2.4,.682,0.0,0.1,.000,1.7,2.3,.714,.682,0.7,1.1,.600,1.1,2.9,4.0,0.6,0.3,0.6,0.3,1.3,4.0
Ed Davis,C,29,BRK,81,1,17.9,2.3,3.7,.616,0.0,0.0,.000,2.3,3.7,.620,.616,1.2,2.0,.617,2.7,5.9,8.6,0.8,0.4,0.4,0.8,2.8,5.8
Tyler Davis,C,21,OKC,1,0,1.0,0.0,1.0,.000,0.0,0.0,0,0.0,1.0,.000,.000,0.0,0.0,0,1.0,0.0,1.0,0.0,0.0,0.0,0.0,0.0,0.0
Dewayne Dedmon,C,29,ATL,64,52,25.1,4.0,8.2,.492,1.3,3.4,.382,2.8,4.8,.570,.571,1.4,1.8,.814,1.6,5.9,7.5,1.4,1.1,1.1,1.3,3.3,10.8
Ángel Delgado,C,24,LAC,2,0,7.5,0.5,2.5,.200,0.0,0.0,0,0.5,2.5,.200,.200,0.5,1.0,.500,1.0,1.0,2.0,0.0,0.5,0.0,0.0,1.0,1.5
Gorgui Dieng,C,29,MIN,76,2,13.6,2.5,5.0,.501,0.3,0.7,.339,2.2,4.2,.530,.527,1.2,1.4,.830,1.1,3.0,4.1,0.9,0.6,0.5,0.8,1.8,6.4
Andre Drummond,C,25,DET,79,79,33.5,7.1,13.3,.533,0.1,0.5,.132,7.0,12.8,.548,.536,3.1,5.2,.590,5.4,10.2,15.6,1.4,1.7,1.7,2.2,3.4,17.3
Joel Embiid,C,24,PHI,64,64,33.7,9.1,18.7,.484,1.2,4.1,.300,7.8,14.6,.535,.517,8.2,10.1,.804,2.5,11.1,13.6,3.7,0.7,1.9,3.5,3.3,27.5
Kenneth Faried,C,29,TOT,37,13,19.7,4.2,7.2,.589,0.2,0.7,.320,4.0,6.5,.617,.604,1.7,2.7,.646,2.6,4.1,6.8,0.5,0.5,0.6,0.9,2.2,10.4
Kenneth Faried,C,29,BRK,12,0,9.8,2.1,3.5,.595,0.1,0.4,.200,2.0,3.1,.649,.607,0.8,1.3,.625,1.3,2.4,3.7,0.2,0.2,0.3,0.5,0.7,5.1
Kenneth Faried,C,29,HOU,25,13,24.4,5.2,8.9,.587,0.3,0.8,.350,5.0,8.1,.611,.603,2.2,3.3,.651,3.3,5.0,8.2,0.7,0.6,0.8,1.1,3.0,12.9
Derrick Favors,C,27,UTA,76,70,23.2,4.8,8.1,.586,0.2,1.0,.218,4.6,7.1,.640,.600,2.0,3.0,.675,2.7,4.6,7.4,1.2,0.7,1.4,1.1,2.1,11.8
Cristiano Felício,C,26,CHI,60,0,12.4,1.6,3.0,.531,0.0,0.1,.000,1.6,2.9,.543,.531,0.8,1.2,.685,1.3,2.3,3.6,0.6,0.2,0.1,0.6,1.2,4.0
Enes Freedom,C,26,TOT,67,31,24.5,5.6,10.2,.549,0.1,0.5,.294,5.4,9.7,.562,.556,2.3,2.9,.787,3.8,6.0,9.8,1.7,0.5,0.4,1.8,2.5,13.7
Enes Freedom,C,26,NYK,44,23,25.6,5.7,10.6,.536,0.2,0.5,.318,5.5,10.1,.547,.544,2.4,2.9,.814,3.9,6.6,10.5,1.9,0.4,0.4,1.8,2.4,14.0
Enes Freedom,C,26,POR,23,8,22.3,5.4,9.3,.577,0.1,0.5,.250,5.3,8.8,.596,.584,2.2,3.0,.735,3.7,4.9,8.6,1.4,0.6,0.4,1.7,2.7,13.1
Channing Frye,C,35,CLE,36,6,9.5,1.2,3.3,.368,0.9,2.2,.405,0.3,1.1,.289,.504,0.3,0.4,.786,0.1,1.3,1.4,0.6,0.2,0.1,0.4,1.2,3.6
Marc Gasol,C,34,TOT,79,72,30.8,4.9,11.0,.448,1.3,3.5,.363,3.7,7.6,.487,.505,2.4,3.2,.759,1.0,6.9,7.9,4.4,1.1,1.1,2.0,2.7,13.6
Marc Gasol,C,34,MEM,53,53,33.7,5.7,12.9,.444,1.4,4.2,.344,4.3,8.7,.491,.499,2.9,3.8,.756,1.1,7.5,8.6,4.7,1.1,1.2,2.2,2.8,15.7
Marc Gasol,C,34,TOR,26,19,24.9,3.3,7.2,.465,0.9,2.0,.442,2.5,5.2,.474,.527,1.5,2.0,.769,0.9,5.7,6.6,3.9,0.9,0.9,1.4,2.7,9.1
Pau Gasol,C,38,TOT,30,6,12.0,1.4,3.1,.447,0.2,0.4,.462,1.2,2.7,.444,.479,0.9,1.3,.700,0.7,3.8,4.6,1.7,0.2,0.5,0.5,1.0,3.9
Pau Gasol,C,38,SAS,27,6,12.2,1.5,3.3,.466,0.2,0.4,.500,1.3,2.9,.462,.494,1.0,1.4,.711,0.8,3.9,4.7,1.9,0.2,0.5,0.5,1.0,4.2
Pau Gasol,C,38,MIL,3,0,10.0,0.3,2.0,.167,0.3,1.0,.333,0.0,1.0,.000,.250,0.3,0.7,.500,0.0,3.3,3.3,0.7,0.0,0.3,0.7,0.3,1.3
Rudy Gobert,C,26,UTA,81,80,31.8,5.9,8.8,.669,0.0,0.0,0,5.9,8.8,.669,.669,4.1,6.4,.636,3.8,9.0,12.9,2.0,0.8,2.3,1.6,2.9,15.9
Marcin Gortat,C,34,LAC,47,43,16.0,2.1,4.0,.532,0.0,0.0,0,2.1,4.0,.532,.532,0.7,1.0,.729,1.4,4.1,5.6,1.4,0.1,0.5,1.1,2.0,5.0
Montrezl Harrell,C,25,LAC,82,5,26.3,6.7,10.8,.615,0.0,0.2,.176,6.6,10.6,.623,.617,3.2,5.0,.643,2.2,4.3,6.5,2.0,0.9,1.3,1.6,3.1,16.6
Udonis Haslem,C,38,MIA,10,1,7.4,1.1,3.3,.333,0.0,1.2,.000,1.1,2.1,.524,.333,0.3,0.4,.750,0.3,2.4,2.7,0.2,0.0,0.0,0.3,0.9,2.5
John Henson,C,28,MIL,14,0,13.4,2.2,4.8,.463,0.8,2.2,.355,1.4,2.6,.556,.545,0.4,0.7,.600,1.1,3.9,5.1,1.0,0.5,0.8,0.9,1.1,5.6
Willy Hernangómez,C,24,CHO,58,3,14.0,2.6,5.1,.519,0.3,0.7,.385,2.4,4.4,.539,.544,1.7,2.5,.694,2.0,3.3,5.4,1.0,0.3,0.3,1.0,1.7,7.3
Nenê,C,36,HOU,42,2,13.0,1.4,2.8,.517,0.0,0.1,.000,1.4,2.7,.531,.517,0.7,1.1,.660,0.8,2.1,2.9,0.6,0.4,0.4,0.3,2.1,3.6
Richaun Holmes,C,25,PHO,70,4,16.9,3.2,5.2,.608,0.0,0.0,0,3.2,5.2,.608,.608,1.8,2.5,.731,1.6,3.1,4.7,0.9,0.6,1.1,0.7,2.8,8.2
Al Horford,C,32,BOS,68,68,29.0,5.7,10.6,.535,1.1,3.0,.360,4.6,7.6,.604,.586,1.1,1.4,.821,1.8,5.0,6.7,4.2,0.9,1.3,1.5,1.9,13.6
Dwight Howard,C,33,WAS,9,9,25.6,4.8,7.7,.623,0.0,0.0,0,4.8,7.7,.623,.623,3.2,5.3,.604,2.7,6.6,9.2,0.4,0.8,0.4,1.8,3.8,12.8
Isaac Humphries,C,21,ATL,5,1,11.2,1.2,4.2,.286,0.6,2.2,.273,0.6,2.0,.300,.357,0.0,0.0,0,0.8,1.4,2.2,0.0,0.2,0.0,0.0,1.4,3.0
Serge Ibaka,C,29,TOR,74,51,27.2,6.3,11.9,.529,0.7,2.3,.290,5.6,9.6,.586,.557,1.8,2.4,.763,2.1,6.0,8.1,1.3,0.4,1.4,1.5,2.9,15.0
Amir Johnson,C,31,PHI,51,6,10.4,1.5,3.1,.503,0.2,0.8,.300,1.3,2.3,.573,.541,0.6,0.8,.756,0.9,2.0,2.9,1.2,0.3,0.3,0.9,1.9,3.9
Nikola Jokić,C,23,DEN,80,80,31.3,7.7,15.1,.511,1.0,3.4,.307,6.7,11.7,.569,.545,3.6,4.4,.821,2.9,8.0,10.8,7.3,1.4,0.7,3.1,2.9,20.1
Damian Jones,C,23,GSW,24,22,17.1,2.2,3.1,.716,0.0,0.0,0,2.2,3.1,.716,.716,1.0,1.5,.649,1.3,1.8,3.1,1.2,0.5,1.0,0.7,2.6,5.4
DeAndre Jordan,C,30,TOT,69,69,29.7,4.1,6.5,.641,0.0,0.0,0,4.1,6.5,.641,.641,2.7,3.8,.705,3.3,9.8,13.1,2.3,0.6,1.1,2.2,2.4,11.0
DeAndre Jordan,C,30,DAL,50,50,31.1,4.2,6.5,.644,0.0,0.0,0,4.2,6.5,.644,.644,2.7,4.0,.682,3.2,10.5,13.7,2.0,0.7,1.1,2.2,2.5,11.0
DeAndre Jordan,C,30,NYK,19,19,25.9,4.1,6.5,.634,0.0,0.0,0,4.1,6.5,.634,.634,2.7,3.5,.773,3.4,8.0,11.4,3.0,0.5,1.1,2.2,2.2,10.9
Frank Kaminsky,C,25,CHO,47,0,16.1,2.9,6.3,.463,1.1,3.0,.360,1.9,3.4,.553,.547,1.7,2.3,.738,0.8,2.6,3.5,1.3,0.3,0.3,0.9,1.4,8.6
Kosta Koufos,C,29,SAC,42,1,12.0,1.7,3.6,.477,0.0,0.0,0,1.7,3.6,.477,.477,0.2,0.6,.417,1.2,3.0,4.2,0.9,0.4,0.4,0.6,1.6,3.7
Alex Len,C,25,ATL,77,31,20.1,4.2,8.4,.494,1.0,2.6,.363,3.2,5.8,.554,.551,1.8,2.8,.648,2.1,3.5,5.5,1.1,0.4,0.9,1.3,2.6,11.1
Meyers Leonard,C,26,POR,61,2,14.4,2.2,4.0,.545,0.8,1.8,.450,1.3,2.1,.626,.649,0.7,0.8,.843,0.8,3.0,3.8,1.2,0.2,0.1,0.7,1.7,5.9
Kevon Looney,C,22,GSW,80,24,18.5,2.7,4.3,.625,0.0,0.1,.100,2.7,4.2,.641,.627,0.8,1.3,.619,2.4,2.8,5.2,1.5,0.6,0.7,0.6,2.6,6.3
Brook Lopez,C,30,MIL,81,81,28.7,4.4,9.7,.452,2.3,6.3,.365,2.1,3.4,.613,.571,1.4,1.6,.842,0.4,4.5,4.9,1.2,0.6,2.2,1.0,2.3,12.5
Robin Lopez,C,30,CHI,74,36,21.7,4.1,7.2,.568,0.1,0.4,.226,4.0,6.8,.589,.575,1.2,1.7,.724,1.9,2.0,3.9,1.2,0.1,1.1,1.3,1.7,9.5
Ian Mahinmi,C,32,WAS,34,6,14.6,1.4,3.1,.452,0.1,0.5,.188,1.3,2.6,.500,.466,1.2,1.8,.689,1.4,2.4,3.8,0.7,0.7,0.5,0.6,2.5,4.1
Thon Maker,C,21,MIL,35,0,11.7,1.7,3.8,.440,0.7,2.2,.333,0.9,1.6,.589,.537,0.6,1.1,.541,0.5,2.3,2.7,0.5,0.3,0.5,0.3,1.6,4.7
Boban Marjanović,C,30,TOT,58,12,11.7,2.8,4.5,.615,0.1,0.2,.400,2.7,4.3,.624,.623,1.7,2.3,.748,1.5,3.1,4.6,0.9,0.3,0.5,1.0,1.6,7.3
Boban Marjanović,C,30,LAC,36,9,10.4,2.4,3.9,.607,0.0,0.1,.000,2.4,3.8,.616,.607,2.0,2.6,.758,1.5,2.7,4.2,0.6,0.3,0.5,1.0,1.6,6.7
Boban Marjanović,C,30,PHI,22,3,13.9,3.4,5.5,.625,0.2,0.4,.500,3.2,5.1,.634,.642,1.2,1.6,.722,1.5,3.7,5.1,1.5,0.2,0.5,1.0,1.5,8.2
JaVale McGee,C,31,LAL,75,62,22.3,5.3,8.5,.624,0.0,0.2,.083,5.3,8.4,.634,.625,1.3,2.0,.632,2.6,4.9,7.5,0.7,0.6,2.0,1.4,2.8,12.0
Salah Mejri,C,32,DAL,36,4,11.1,1.5,3.1,.491,0.3,0.9,.324,1.2,2.2,.564,.540,0.6,0.9,.625,1.0,2.6,3.6,1.0,0.3,0.7,0.6,1.5,3.9
Greg Monroe,C,28,TOT,43,2,11.2,2.1,4.4,.487,0.0,0.1,.200,2.1,4.3,.495,.489,1.0,1.7,.625,1.6,2.4,4.0,0.6,0.3,0.2,0.7,1.5,5.3
Greg Monroe,C,28,TOR,38,2,11.1,1.9,4.2,.460,0.0,0.1,.000,1.9,4.1,.471,.460,0.9,1.6,.574,1.6,2.5,4.1,0.4,0.3,0.2,0.8,1.6,4.8
Greg Monroe,C,28,BOS,2,0,2.5,1.5,2.5,.600,0.0,0.0,0,1.5,2.5,.600,.600,0.0,0.0,0,1.5,0.0,1.5,0.5,0.0,0.0,0.0,0.0,3.0
Greg Monroe,C,28,PHI,3,0,17.3,5.0,7.7,.652,0.3,0.3,1.000,4.7,7.3,.636,.674,3.3,3.7,.909,1.3,3.0,4.3,2.3,0.3,0.0,0.3,1.7,13.7
Larry Nance Jr.,C,26,CLE,67,30,26.8,3.7,7.1,.520,0.5,1.5,.337,3.2,5.7,.567,.554,1.4,2.0,.716,2.5,5.7,8.2,3.2,1.5,0.6,1.4,2.9,9.4
Joakim Noah,C,33,MEM,42,1,16.5,2.6,5.1,.516,0.0,0.0,.000,2.6,5.0,.519,.516,1.9,2.6,.716,1.4,4.3,5.7,2.1,0.5,0.7,1.2,2.3,7.1
Nerlens Noel,C,24,OKC,77,2,13.7,2.1,3.6,.587,0.0,0.0,0,2.1,3.6,.587,.587,0.7,1.0,.684,1.6,2.6,4.2,0.6,0.9,1.2,0.6,2.2,4.9
Jusuf Nurkić,C,24,POR,72,72,27.4,5.8,11.5,.508,0.0,0.4,.103,5.8,11.1,.523,.510,3.9,5.1,.773,3.4,7.0,10.4,3.2,1.0,1.4,2.3,3.5,15.6
Kyle O'Quinn,C,28,IND,45,3,8.2,1.5,3.0,.507,0.0,0.3,.083,1.5,2.8,.548,.511,0.4,0.5,.810,0.6,2.0,2.6,1.2,0.2,0.6,0.7,1.5,3.5
Jahlil Okafor,C,23,NOP,59,24,15.8,3.6,6.1,.586,0.0,0.1,.200,3.6,6.1,.591,.587,1.0,1.5,.663,1.4,3.3,4.7,0.7,0.3,0.7,0.9,1.6,8.2
Zaza Pachulia,C,34,DET,68,3,12.9,1.3,2.8,.440,0.0,0.1,.000,1.3,2.8,.450,.440,1.4,1.8,.782,1.5,2.4,3.9,1.3,0.5,0.3,0.8,2.2,3.9
Justin Patton,C,21,PHI,3,0,7.0,0.7,2.3,.286,0.0,0.7,.000,0.7,1.7,.400,.286,0.3,0.7,.500,0.7,1.3,2.0,1.0,0.7,0.0,0.0,1.7,1.7
Mason Plumlee,C,28,DEN,82,17,21.1,3.2,5.4,.593,0.0,0.1,.200,3.2,5.3,.602,.595,1.4,2.4,.561,2.0,4.4,6.4,3.0,0.8,0.9,1.5,3.1,7.8
Miles Plumlee,C,30,ATL,18,0,9.6,1.8,2.7,.667,0.0,0.0,0,1.8,2.7,.667,.667,0.9,1.7,.533,0.9,1.3,2.2,0.9,0.3,0.2,0.6,0.8,4.4
Jakob Poeltl,C,23,SAS,77,24,16.5,2.4,3.8,.645,0.0,0.0,0,2.4,3.8,.645,.645,0.6,1.2,.533,2.3,3.0,5.3,1.2,0.4,0.9,0.6,1.6,5.5
Dwight Powell,C,27,DAL,77,22,21.6,3.8,6.3,.597,0.5,1.6,.307,3.3,4.7,.699,.637,2.5,3.3,.772,1.8,3.5,5.3,1.5,0.6,0.6,0.9,2.6,10.6
Mitchell Robinson,C,20,NYK,66,19,20.6,3.1,4.4,.694,0.0,0.0,0,3.1,4.4,.694,.694,1.2,2.0,.600,2.7,3.7,6.4,0.6,0.8,2.4,0.5,3.3,7.3
Domantas Sabonis,C,22,IND,74,5,24.8,5.6,9.5,.590,0.1,0.2,.529,5.5,9.2,.592,.596,2.8,3.9,.715,2.5,6.8,9.3,2.9,0.6,0.4,2.2,3.2,14.1
Jason Smith,C,32,WAS,12,1,10.8,1.3,3.1,.405,0.3,0.8,.400,0.9,2.3,.407,.459,0.8,1.0,.833,0.9,2.2,3.1,1.0,0.1,0.4,0.6,1.8,3.7
Jason Smith,C,32,NOP,2,0,10.0,1.0,4.5,.222,1.0,3.5,.286,0.0,1.0,.000,.333,1.0,1.0,1.000,1.0,1.0,2.0,0.5,0.0,0.0,0.5,1.5,4.0
Daniel Theis,C,26,BOS,66,2,13.8,2.2,4.0,.549,0.4,1.0,.388,1.8,3.0,.603,.598,0.8,1.2,.737,1.3,2.1,3.4,1.0,0.3,0.6,0.5,2.4,5.7
Tristan Thompson,C,27,CLE,43,40,27.9,4.7,8.8,.529,0.0,0.0,0,4.7,8.8,.529,.529,1.6,2.5,.642,4.0,6.2,10.2,2.0,0.7,0.4,1.4,2.1,10.9
Karl-Anthony Towns,C,23,MIN,77,77,33.1,8.8,17.1,.518,1.8,4.6,.400,7.0,12.5,.562,.572,4.9,5.8,.836,3.4,9.0,12.4,3.4,0.9,1.6,3.1,3.8,24.4
Myles Turner,C,22,IND,74,74,28.6,5.1,10.5,.487,1.0,2.6,.388,4.1,7.9,.521,.536,2.0,2.7,.736,1.4,5.8,7.2,1.6,0.8,2.7,1.4,2.6,13.3
Ekpe Udoh,C,31,UTA,51,1,6.3,1.0,1.4,.694,0.0,0.0,0,1.0,1.4,.694,.694,0.4,0.6,.633,0.5,1.2,1.8,0.5,0.2,0.6,0.3,0.7,2.3
Jonas Valančiūnas,C,26,TOT,49,27,22.3,6.1,11.0,.559,0.3,1.0,.292,5.9,10.0,.586,.572,3.0,3.8,.795,2.2,6.4,8.6,1.4,0.4,1.1,1.8,3.0,15.6
Jonas Valančiūnas,C,26,TOR,30,10,18.8,5.0,8.6,.575,0.3,1.0,.300,4.7,7.6,.611,.593,2.6,3.1,.819,1.8,5.4,7.2,1.0,0.4,0.8,1.3,2.7,12.8
Jonas Valančiūnas,C,26,MEM,19,17,27.7,8.0,14.7,.545,0.3,0.9,.278,7.7,13.7,.563,.554,3.7,4.8,.769,2.7,7.9,10.7,2.2,0.3,1.6,2.7,3.4,19.9
Nikola Vučević,C,28,ORL,80,80,31.4,8.8,16.9,.518,1.1,2.9,.364,7.7,14.0,.549,.549,2.2,2.8,.789,2.8,9.2,12.0,3.8,1.0,1.1,2.0,2.0,20.8
Moritz Wagner,C,21,LAL,43,5,10.4,1.7,4.0,.415,0.5,1.8,.286,1.1,2.2,.521,.480,1.0,1.2,.811,0.4,1.6,2.0,0.6,0.3,0.3,0.9,1.3,4.8
Thomas Welsh,C,22,DEN,11,0,3.3,0.6,1.2,.538,0.3,0.6,.429,0.4,0.5,.667,.654,0.1,0.2,.500,0.0,0.4,0.4,0.5,0.0,0.0,0.1,0.3,1.6
Hassan Whiteside,C,29,MIA,72,53,23.3,5.4,9.4,.571,0.0,0.2,.125,5.4,9.2,.581,.572,1.5,3.4,.449,3.6,7.8,11.3,0.8,0.6,1.9,1.3,2.7,12.3
Johnathan Williams,C,23,LAL,24,0,15.5,2.7,4.6,.591,0.0,0.1,.000,2.7,4.5,.602,.591,1.1,2.0,.563,2.0,2.1,4.1,0.5,0.3,0.3,0.7,2.6,6.5
Robert Williams,C,21,BOS,32,2,8.8,1.1,1.6,.706,0.0,0.0,0,1.1,1.6,.706,.706,0.3,0.5,.600,0.8,1.7,2.5,0.2,0.3,1.3,0.3,1.1,2.5
Cody Zeller,C,26,CHO,49,47,25.4,3.9,7.0,.551,0.1,0.4,.273,3.8,6.6,.570,.559,2.3,2.9,.787,2.2,4.6,6.8,2.1,0.8,0.8,1.3,3.3,10.1
Tyler Zeller,C,29,TOT,6,1,15.5,2.7,5.0,.533,0.0,0.2,.000,2.7,4.8,.552,.533,2.3,3.0,.778,1.8,2.2,4.0,0.7,0.2,0.5,0.7,3.3,7.7
Tyler Zeller,C,29,ATL,2,0,5.5,0.0,1.0,.000,0.0,0.5,.000,0.0,0.5,.000,.000,0.0,0.0,0,1.0,2.0,3.0,0.5,0.0,0.0,0.0,2.0,0.0
Tyler Zeller,C,29,MEM,4,1,20.5,4.0,7.0,.571,0.0,0.0,0,4.0,7.0,.571,.571,3.5,4.5,.778,2.3,2.3,4.5,0.8,0.3,0.8,1.0,4.0,11.5
Ante Žižić,C,22,CLE,59,25,18.3,3.1,5.6,.553,0.0,0.0,0,3.1,5.6,.553,.553,1.6,2.2,.705,1.8,3.6,5.4,0.9,0.2,0.4,1.0,1.9,7.8
Ivica Zubac,C,21,TOT,59,37,17.6,3.6,6.4,.559,0.0,0.0,0,3.6,6.4,.559,.559,1.7,2.1,.802,1.9,4.2,6.1,1.1,0.2,0.9,1.2,2.3,8.9
Ivica Zubac,C,21,LAL,33,12,15.6,3.4,5.8,.580,0.0,0.0,0,3.4,5.8,.580,.580,1.7,2.0,.864,1.6,3.3,4.9,0.8,0.1,0.8,1.0,2.2,8.5
Ivica Zubac,C,21,LAC,26,25,20.2,3.8,7.2,.538,0.0,0.0,0,3.8,7.2,.538,.538,1.7,2.3,.733,2.3,5.3,7.7,1.5,0.4,0.9,1.4,2.5,9.4
